{"cameraMode":{"drawMode":0,"name":"Shaded","section":"Shading Mode"},"sceneLighting":false,"audioPlay":false,"sceneViewState":{"showFog":true,"showMaterialUpdate":false,"showSkybox":false,"showFlares":true,"showImageEffects":true,"showParticleSystems":true},"in2DMode":false,"pivot":{"x":3.132723331451416,"y":4.140212059020996,"z":1.0165534019470215},"rotation":{"x":-0.049719493836164477,"y":-0.9396319389343262,"z":0.1553158164024353,"w":-0.30088064074516299},"size":7.857045650482178,"orthographic":false}