{"cameraMode":{"drawMode":0,"name":"Shaded","section":"Shading Mode"},"sceneLighting":true,"audioPlay":false,"sceneViewState":{"showFog":true,"showMaterialUpdate":false,"showSkybox":true,"showFlares":true,"showImageEffects":true,"showParticleSystems":true},"in2DMode":false,"pivot":{"x":-18.016014099121095,"y":2.597026824951172,"z":3.60693359375},"rotation":{"x":-0.13340267539024354,"y":0.010997023433446885,"z":-0.0014806067338213325,"w":-0.9910006523132324},"size":57.5880012512207,"orthographic":false}