{"cameraMode":{"drawMode":0,"name":"Shaded","section":"Shading Mode"},"sceneLighting":true,"audioPlay":false,"sceneViewState":{"showFog":true,"showMaterialUpdate":false,"showSkybox":true,"showFlares":true,"showImageEffects":true,"showParticleSystems":true},"in2DMode":false,"pivot":{"x":29.949642181396486,"y":1.4805870056152344,"z":-7.706146240234375},"rotation":{"x":-0.3406215012073517,"y":-0.15774855017662049,"z":0.058086104691028598,"w":-0.9250585436820984},"size":51.49310302734375,"orthographic":false}