{"cameraMode":{"drawMode":0,"name":"Shaded","section":"Shading Mode"},"sceneLighting":true,"audioPlay":false,"sceneViewState":{"showFog":true,"showMaterialUpdate":false,"showSkybox":true,"showFlares":true,"showImageEffects":true,"showParticleSystems":true},"in2DMode":false,"pivot":{"x":36.593894958496097,"y":4.547282695770264,"z":2.5246827602386476},"rotation":{"x":-0.17933319509029389,"y":0.0035381694324314596,"z":-0.0006452177185565233,"w":-0.9837822914123535},"size":51.52732849121094,"orthographic":false}