{"cameraMode":{"drawMode":0,"name":"Shaded","section":"Shading Mode"},"sceneLighting":true,"audioPlay":false,"sceneViewState":{"showFog":true,"showMaterialUpdate":false,"showSkybox":true,"showFlares":true,"showImageEffects":true,"showParticleSystems":true},"in2DMode":false,"pivot":{"x":-25.486003875732423,"y":-3.150272846221924,"z":-29.319345474243165},"rotation":{"x":0.028475437313318254,"y":0.03837301954627037,"z":-0.001094294129870832,"w":0.9988674521446228},"size":6.884964942932129,"orthographic":true}