{"cameraMode":{"drawMode":0,"name":"Shaded","section":"Shading Mode"},"sceneLighting":true,"audioPlay":false,"sceneViewState":{"showFog":true,"showMaterialUpdate":false,"showSkybox":true,"showFlares":true,"showImageEffects":true,"showParticleSystems":true},"in2DMode":false,"pivot":{"x":29.218196868896486,"y":-28.48003387451172,"z":-5.7830352783203129},"rotation":{"x":-0.22921213507652284,"y":-0.01839877851307392,"z":0.004333648830652237,"w":-0.9731957912445068},"size":279.3709411621094,"orthographic":false}