{"cameraMode":{"drawMode":0,"name":"Shaded","section":"Shading Mode"},"sceneLighting":true,"audioPlay":false,"sceneViewState":{"showFog":true,"showMaterialUpdate":false,"showSkybox":true,"showFlares":true,"showImageEffects":true,"showParticleSystems":true},"in2DMode":false,"pivot":{"x":2.3952226638793947,"y":-12.450395584106446,"z":43.92328643798828},"rotation":{"x":-0.14822646975517274,"y":-0.02165849320590496,"z":0.0032604446168988945,"w":-0.9887248873710632},"size":49.81291198730469,"orthographic":false}