{"cameraMode":{"drawMode":0,"name":"Shaded","section":"Shading Mode"},"sceneLighting":true,"audioPlay":false,"sceneViewState":{"showFog":true,"showMaterialUpdate":false,"showSkybox":false,"showFlares":true,"showImageEffects":true,"showParticleSystems":true},"in2DMode":false,"pivot":{"x":-1.15899658203125,"y":-199.30499267578126,"z":310.0846862792969},"rotation":{"x":-0.30488321185112,"y":-0.17385253310203553,"z":0.05672184377908707,"w":-0.9346837401390076},"size":1254.427978515625,"orthographic":false}