{"cameraMode":{"drawMode":0,"name":"Shaded","section":"Shading Mode"},"sceneLighting":true,"audioPlay":false,"sceneViewState":{"showFog":true,"showMaterialUpdate":true,"showSkybox":true,"showFlares":true,"showImageEffects":true,"showParticleSystems":true},"in2DMode":false,"pivot":{"x":-2.3913424015045168,"y":1.4477643966674805,"z":-0.2832471430301666},"rotation":{"x":-0.2279243767261505,"y":-0.246804878115654,"z":0.0599168986082077,"w":-0.9400126338005066},"size":3.8224947452545168,"orthographic":false}