{"cameraMode":{"drawMode":0,"name":"Shaded","section":"Shading Mode"},"sceneLighting":true,"audioPlay":false,"sceneViewState":{"showFog":true,"showMaterialUpdate":true,"showSkybox":true,"showFlares":true,"showImageEffects":true,"showParticleSystems":true},"in2DMode":false,"pivot":{"x":-0.8470131158828735,"y":0.748483419418335,"z":-1.247237205505371},"rotation":{"x":-0.2900822162628174,"y":-0.17272013425827027,"z":0.05339101701974869,"w":-0.9398096799850464},"size":58.45418167114258,"orthographic":false}