{"cameraMode":{"drawMode":0,"name":"Shaded","section":"Shading Mode"},"sceneLighting":true,"audioPlay":false,"sceneViewState":{"showFog":true,"showMaterialUpdate":true,"showSkybox":true,"showFlares":true,"showImageEffects":true,"showParticleSystems":true},"in2DMode":false,"pivot":{"x":-7.608948230743408,"y":1.5731346607208253,"z":12.138900756835938},"rotation":{"x":-0.16214591264724732,"y":-0.020983410999178888,"z":0.0035165012814104559,"w":-0.9865769147872925},"size":2.8098394870758058,"orthographic":false}