{"cameraMode":{"drawMode":0,"name":"Shaded","section":"Shading Mode"},"sceneLighting":false,"audioPlay":false,"sceneViewState":{"showFog":true,"showMaterialUpdate":true,"showSkybox":false,"showFlares":true,"showImageEffects":true,"showParticleSystems":true},"in2DMode":false,"pivot":{"x":-7.449999809265137,"y":4.519999980926514,"z":12.138900756835938},"rotation":{"x":-0.16214591264724732,"y":-0.020983410999178888,"z":0.0035165012814104559,"w":-0.9865769147872925},"size":1.3844894170761109,"orthographic":false}