{"cameraMode":{"drawMode":0,"name":"Shaded","section":"Shading Mode"},"sceneLighting":true,"audioPlay":false,"sceneViewState":{"showFog":true,"showMaterialUpdate":true,"showSkybox":true,"showFlares":true,"showImageEffects":true,"showParticleSystems":true},"in2DMode":false,"pivot":{"x":0.14491283893585206,"y":-0.5811896324157715,"z":1.3476524353027344},"rotation":{"x":-0.1555742621421814,"y":-0.09199023991823197,"z":0.014620529487729073,"w":-0.9834604263305664},"size":23.670989990234376,"orthographic":false}