{"cameraMode":{"drawMode":0,"name":"Shaded","section":"Shading Mode"},"sceneLighting":true,"audioPlay":false,"sceneViewState":{"showFog":true,"showMaterialUpdate":true,"showSkybox":true,"showFlares":true,"showImageEffects":true,"showParticleSystems":true},"in2DMode":false,"pivot":{"x":-7.39724588394165,"y":4.83665132522583,"z":13.698867797851563},"rotation":{"x":-0.15920668840408326,"y":0.01454620435833931,"z":-0.002277838299050927,"w":-0.9871755838394165},"size":2.8171873092651369,"orthographic":false}