{"cameraMode":{"drawMode":0,"name":"Shaded","section":"Shading Mode"},"sceneLighting":true,"audioPlay":false,"sceneViewState":{"showFog":true,"showMaterialUpdate":true,"showSkybox":true,"showFlares":true,"showImageEffects":true,"showParticleSystems":true},"in2DMode":false,"pivot":{"x":0.16837215423583985,"y":0.5352053642272949,"z":0.08172154426574707},"rotation":{"x":0.136520117521286,"y":0.5650196075439453,"z":-0.09552516788244248,"w":0.8081195950508118},"size":12.208922386169434,"orthographic":false}