{"cameraMode":{"drawMode":0,"name":"Shaded","section":"Shading Mode"},"sceneLighting":true,"audioPlay":false,"sceneViewState":{"showFog":true,"showMaterialUpdate":true,"showSkybox":true,"showFlares":true,"showImageEffects":true,"showParticleSystems":true},"in2DMode":false,"pivot":{"x":2.7789390087127687,"y":1.2729374170303345,"z":1.1605286598205567},"rotation":{"x":0.07802888751029968,"y":0.8179032206535339,"z":-0.11437329649925232,"w":0.5585013628005981},"size":6.8858723640441898,"orthographic":false}