{"cameraMode":{"drawMode":0,"name":"Shaded","section":"Shading Mode"},"sceneLighting":true,"audioPlay":false,"sceneViewState":{"showFog":true,"showMaterialUpdate":true,"showSkybox":true,"showFlares":true,"showImageEffects":true,"showParticleSystems":true},"in2DMode":false,"pivot":{"x":2.9045536518096926,"y":1.7946958541870118,"z":1.133110523223877},"rotation":{"x":0.056318726390600207,"y":0.8208978772163391,"z":-0.08231053501367569,"w":0.5623506903648377},"size":6.8858723640441898,"orthographic":false}