{"cameraMode":{"drawMode":0,"name":"Shaded","section":"Shading Mode"},"sceneLighting":true,"audioPlay":false,"sceneViewState":{"showFog":true,"showMaterialUpdate":true,"showSkybox":true,"showFlares":true,"showImageEffects":true,"showParticleSystems":true},"in2DMode":false,"pivot":{"x":1.920886516571045,"y":0.12127625942230225,"z":-1.186746597290039},"rotation":{"x":-0.16403397917747498,"y":0.5555768013000488,"z":-0.11278292536735535,"w":-0.8073295950889587},"size":8.34633731842041,"orthographic":false}