{"cameraMode":{"drawMode":0,"name":"Shaded","section":"Shading Mode"},"sceneLighting":true,"audioPlay":false,"sceneViewState":{"showFog":true,"showMaterialUpdate":true,"showSkybox":true,"showFlares":true,"showImageEffects":true,"showParticleSystems":true},"in2DMode":false,"pivot":{"x":2.1526005268096926,"y":-2.08420991897583,"z":-0.7199573516845703},"rotation":{"x":-0.1897328943014145,"y":0.07183760404586792,"z":-0.013851165771484375,"w":-0.979144811630249},"size":18.938507080078126,"orthographic":false}