{"cameraMode":{"drawMode":0,"name":"Shaded","section":"Shading Mode"},"sceneLighting":true,"audioPlay":false,"sceneViewState":{"showFog":true,"showMaterialUpdate":true,"showSkybox":true,"showFlares":true,"showImageEffects":true,"showParticleSystems":true},"in2DMode":false,"pivot":{"x":-1.0852956771850587,"y":0.07578587532043457,"z":2.7650537490844728},"rotation":{"x":0.1887088567018509,"y":-0.02388845570385456,"z":0.004529300611466169,"w":0.9817626476287842},"size":5.971034526824951,"orthographic":false}