{"cameraMode":{"drawMode":0,"name":"Shaded","section":"Shading Mode"},"sceneLighting":true,"audioPlay":false,"sceneViewState":{"showFog":true,"showMaterialUpdate":true,"showSkybox":true,"showFlares":true,"showImageEffects":true,"showParticleSystems":true},"in2DMode":false,"pivot":{"x":-0.30655622482299807,"y":4.824277877807617,"z":1.8056793212890626},"rotation":{"x":0.14114265143871308,"y":0.06232612207531929,"z":-0.008900650776922703,"w":0.9879890084266663},"size":19.123136520385743,"orthographic":false}