{"cameraMode":{"drawMode":0,"name":"Shaded","section":"Shading Mode"},"sceneLighting":true,"audioPlay":false,"sceneViewState":{"showFog":true,"showMaterialUpdate":false,"showSkybox":true,"showFlares":true,"showImageEffects":true,"showParticleSystems":true},"in2DMode":false,"pivot":{"x":1.8705562353134156,"y":0.3417476415634155,"z":1.268788456916809},"rotation":{"x":0.11149603873491287,"y":0.11749613285064697,"z":-0.013348566368222237,"w":0.9869595766067505},"size":5.0376667976379398,"orthographic":false}