{"cameraMode":{"drawMode":0,"name":"Shaded","section":"Shading Mode"},"sceneLighting":true,"audioPlay":false,"sceneViewState":{"showFog":true,"showMaterialUpdate":false,"showSkybox":true,"showFlares":true,"showImageEffects":true,"showParticleSystems":true},"in2DMode":false,"pivot":{"x":2.8182554244995119,"y":-0.23722055554389954,"z":0.04405580461025238},"rotation":{"x":0.2137201875448227,"y":-0.49925342202186587,"z":0.12853878736495973,"w":0.8300493359565735},"size":1.437666654586792,"orthographic":false}