{"cameraMode":{"drawMode":0,"name":"Shaded","section":"Shading Mode"},"sceneLighting":false,"audioPlay":false,"sceneViewState":{"showFog":true,"showMaterialUpdate":false,"showSkybox":false,"showFlares":true,"showImageEffects":true,"showParticleSystems":true},"in2DMode":false,"pivot":{"x":-1.159000039100647,"y":1.350000023841858,"z":0.34203672409057619},"rotation":{"x":0.17600595951080323,"y":0.035400718450546268,"z":-0.0065541863441467289,"w":0.9840161800384522},"size":1.9660670757293702,"orthographic":false}