{"cameraMode":{"drawMode":0,"name":"Shaded","section":"Shading Mode"},"sceneLighting":true,"audioPlay":false,"sceneViewState":{"showFog":true,"showMaterialUpdate":false,"showSkybox":true,"showFlares":true,"showImageEffects":true,"showParticleSystems":true},"in2DMode":false,"pivot":{"x":-0.32548558712005618,"y":-0.8123701810836792,"z":0.21046414971351624},"rotation":{"x":0.23625756800174714,"y":0.010191541165113449,"z":-0.0025269442703574898,"w":0.9717374444007874},"size":3.7263388633728029,"orthographic":false}