{"cameraMode":{"drawMode":0,"name":"Shaded","section":"Shading Mode"},"sceneLighting":true,"audioPlay":false,"sceneViewState":{"showFog":true,"showMaterialUpdate":false,"showSkybox":true,"showFlares":true,"showImageEffects":true,"showParticleSystems":true},"in2DMode":false,"pivot":{"x":72.37260437011719,"y":7.553421497344971,"z":-107.255615234375},"rotation":{"x":-0.3997161388397217,"y":0.131815567612648,"z":-0.05820414796471596,"w":-0.9052445888519287},"size":147.2274932861328,"orthographic":false}