{"cameraMode":{"drawMode":0,"name":"Shaded","section":"Shading Mode"},"sceneLighting":false,"audioPlay":false,"sceneViewState":{"showFog":true,"showMaterialUpdate":false,"showSkybox":false,"showFlares":true,"showImageEffects":true,"showParticleSystems":true},"in2DMode":false,"pivot":{"x":-1.165893316268921,"y":-2.6941561698913576,"z":-25.873016357421876},"rotation":{"x":0.17429618537425996,"y":-0.05816041678190231,"z":0.010313278064131737,"w":0.982923150062561},"size":19.94290542602539,"orthographic":false}