{"cameraMode":{"drawMode":0,"name":"Shaded","section":"Shading Mode"},"sceneLighting":false,"audioPlay":false,"sceneViewState":{"showFog":true,"showMaterialUpdate":false,"showSkybox":false,"showFlares":true,"showImageEffects":true,"showParticleSystems":true},"in2DMode":false,"pivot":{"x":-2.473511219024658,"y":-0.9385294914245606,"z":5.111318588256836},"rotation":{"x":0.08241461962461472,"y":0.08509998023509979,"z":-0.007060730829834938,"w":0.9929506182670593},"size":10.336210250854493,"orthographic":false}