{"cameraMode":{"drawMode":0,"name":"Shaded","section":"Shading Mode"},"sceneLighting":true,"audioPlay":false,"sceneViewState":{"showFog":true,"showMaterialUpdate":false,"showSkybox":false,"showFlares":true,"showImageEffects":true,"showParticleSystems":true},"in2DMode":false,"pivot":{"x":-1.1590001583099366,"y":1.3500001430511475,"z":0.34203672409057619},"rotation":{"x":0.25309664011001589,"y":0.3590841293334961,"z":-0.10182321816682816,"w":0.8925588130950928},"size":40.010372161865237,"orthographic":false}