{"cameraMode":{"drawMode":0,"name":"Shaded","section":"Shading Mode"},"sceneLighting":true,"audioPlay":false,"sceneViewState":{"showFog":true,"showMaterialUpdate":false,"showSkybox":true,"showFlares":true,"showImageEffects":true,"showParticleSystems":true},"in2DMode":false,"pivot":{"x":-17.01372528076172,"y":41.05667495727539,"z":-66.77900695800781},"rotation":{"x":0.025813136249780656,"y":0.16627782583236695,"z":0.0044206720776855949,"w":-0.9858298301696777},"size":2.76092267036438,"orthographic":false}