{"cameraMode":{"drawMode":0,"name":"Shaded","section":"Shading Mode"},"sceneLighting":true,"audioPlay":false,"sceneViewState":{"showFog":true,"showMaterialUpdate":false,"showSkybox":true,"showFlares":true,"showImageEffects":true,"showParticleSystems":true},"in2DMode":false,"pivot":{"x":40.533775329589847,"y":-58.97608947753906,"z":-66.47073364257813},"rotation":{"x":-0.4903506934642792,"y":0.07874689996242523,"z":-0.04454662650823593,"w":-0.8668186068534851},"size":205.07623291015626,"orthographic":false}