{"cameraMode":{"drawMode":0,"name":"Shaded","section":"Shading Mode"},"sceneLighting":true,"audioPlay":false,"sceneViewState":{"showFog":true,"showMaterialUpdate":false,"showSkybox":false,"showFlares":true,"showImageEffects":true,"showParticleSystems":true},"in2DMode":false,"pivot":{"x":-1.1589999198913575,"y":1.3499999046325684,"z":0.34203672409057619},"rotation":{"x":-0.21385455131530763,"y":-0.3247275650501251,"z":0.07564331591129303,"w":-0.9182937145233154},"size":24.69088363647461,"orthographic":false}