{"cameraMode":{"drawMode":0,"name":"Shaded","section":"Shading Mode"},"sceneLighting":true,"audioPlay":false,"sceneViewState":{"showFog":true,"showMaterialUpdate":false,"showSkybox":false,"showFlares":true,"showImageEffects":true,"showParticleSystems":true},"in2DMode":false,"pivot":{"x":-2.473511219024658,"y":-0.9385294914245606,"z":5.111318588256836},"rotation":{"x":-0.2928621768951416,"y":0.023516790941357614,"z":-0.007204762194305658,"w":-0.9558470249176025},"size":12.208885192871094,"orthographic":false}