{"cameraMode":{"drawMode":0,"name":"Shaded","section":"Shading Mode"},"sceneLighting":true,"audioPlay":false,"sceneViewState":{"showFog":true,"showMaterialUpdate":false,"showSkybox":true,"showFlares":true,"showImageEffects":true,"showParticleSystems":true},"in2DMode":false,"pivot":{"x":95.2740249633789,"y":-96.66842651367188,"z":48.87676239013672},"rotation":{"x":-0.383717805147171,"y":-0.39881226420402529,"z":0.188724547624588,"w":-0.811344563961029},"size":163.92938232421876,"orthographic":false}