{"cameraMode":{"drawMode":0,"name":"Shaded","section":"Shading Mode"},"sceneLighting":true,"audioPlay":false,"sceneViewState":{"showFog":true,"showMaterialUpdate":false,"showSkybox":true,"showFlares":true,"showImageEffects":true,"showParticleSystems":true},"in2DMode":false,"pivot":{"x":219.50466918945313,"y":-44.59336853027344,"z":-8.240318298339844},"rotation":{"x":-0.383717805147171,"y":-0.39881226420402529,"z":0.188724547624588,"w":-0.811344563961029},"size":115.46317291259766,"orthographic":false}