{"cameraMode":{"drawMode":0,"name":"Shaded","section":"Shading Mode"},"sceneLighting":true,"audioPlay":false,"sceneViewState":{"showFog":true,"showMaterialUpdate":false,"showSkybox":true,"showFlares":true,"showImageEffects":true,"showParticleSystems":true},"in2DMode":false,"pivot":{"x":-8.68881607055664,"y":-43.63105392456055,"z":113.0346908569336},"rotation":{"x":-0.19163422286510468,"y":0.005014600232243538,"z":-0.000917055003810674,"w":-0.9815494418144226},"size":131.87741088867188,"orthographic":false}