{"cameraMode":{"drawMode":0,"name":"Shaded","section":"Shading Mode"},"sceneLighting":true,"audioPlay":false,"sceneViewState":{"showFog":true,"showMaterialUpdate":false,"showSkybox":true,"showFlares":true,"showImageEffects":true,"showParticleSystems":true},"in2DMode":false,"pivot":{"x":95.11406707763672,"y":39.17610549926758,"z":-26.36361312866211},"rotation":{"x":-0.3460320830345154,"y":0.0033882700372487308,"z":-0.001214218558743596,"w":-0.9383029937744141},"size":59.49479675292969,"orthographic":false}