{"cameraMode":{"drawMode":0,"name":"Shaded","section":"Shading Mode"},"sceneLighting":true,"audioPlay":false,"sceneViewState":{"showFog":true,"showMaterialUpdate":false,"showSkybox":true,"showFlares":true,"showImageEffects":true,"showParticleSystems":true},"in2DMode":false,"pivot":{"x":19.916994094848634,"y":17.4997615814209,"z":-8.061851501464844},"rotation":{"x":-0.15246669948101045,"y":0.09827949106693268,"z":-0.015161998569965363,"w":-0.9833852052688599},"size":81.3818588256836,"orthographic":false}