{"cameraMode":{"drawMode":0,"name":"Shaded","section":"Shading Mode"},"sceneLighting":false,"audioPlay":false,"sceneViewState":{"showFog":true,"showMaterialUpdate":false,"showSkybox":false,"showFlares":true,"showImageEffects":true,"showParticleSystems":true},"in2DMode":false,"pivot":{"x":-8.00500202178955,"y":2.119999885559082,"z":0.0},"rotation":{"x":0.3511827886104584,"y":-0.024980556219816209,"z":0.010681096464395523,"w":0.9362103343009949},"size":16.297666549682618,"orthographic":false}