{"cameraMode":{"drawMode":0,"name":"Shaded","section":"Shading Mode"},"sceneLighting":true,"audioPlay":false,"sceneViewState":{"showFog":true,"showMaterialUpdate":false,"showSkybox":true,"showFlares":true,"showImageEffects":true,"showParticleSystems":true},"in2DMode":false,"pivot":{"x":-61.43214797973633,"y":3.094752788543701,"z":-132.29019165039063},"rotation":{"x":0.5898739695549011,"y":0.00848038773983717,"z":-0.006191498599946499,"w":0.8075020909309387},"size":326.5911560058594,"orthographic":false}