{"cameraMode":{"drawMode":0,"name":"Shaded","section":"Shading Mode"},"sceneLighting":false,"audioPlay":false,"sceneViewState":{"showFog":true,"showMaterialUpdate":false,"showSkybox":false,"showFlares":true,"showImageEffects":true,"showParticleSystems":true},"in2DMode":false,"pivot":{"x":-1.9439115524291993,"y":1.1726802587509156,"z":-3.3501195907592775},"rotation":{"x":0.13199305534362794,"y":0.04017284885048866,"z":-0.004107125569134951,"w":0.990706741809845},"size":7.060652256011963,"orthographic":false}