{"cameraMode":{"drawMode":0,"name":"Shaded","section":"Shading Mode"},"sceneLighting":true,"audioPlay":false,"sceneViewState":{"showFog":true,"showMaterialUpdate":false,"showSkybox":true,"showFlares":true,"showImageEffects":true,"showParticleSystems":true},"in2DMode":false,"pivot":{"x":12.071379661560059,"y":-21.225156784057618,"z":8.176923751831055},"rotation":{"x":0.3887443244457245,"y":-0.028672225773334504,"z":0.013434571214020253,"w":0.9211036562919617},"size":56.204307556152347,"orthographic":false}