{"cameraMode":{"drawMode":0,"name":"Shaded","section":"Shading Mode"},"sceneLighting":false,"audioPlay":false,"sceneViewState":{"showFog":true,"showMaterialUpdate":false,"showSkybox":false,"showFlares":true,"showImageEffects":true,"showParticleSystems":true},"in2DMode":false,"pivot":{"x":310.68634033203127,"y":122.40653991699219,"z":-12.16619873046875},"rotation":{"x":-0.04529249668121338,"y":-0.008394199423491955,"z":0.0003807114844676107,"w":-0.9989380240440369},"size":338.15557861328127,"orthographic":false}