{"cameraMode":{"drawMode":0,"name":"Shaded","section":"Shading Mode"},"sceneLighting":false,"audioPlay":false,"sceneViewState":{"showFog":true,"showMaterialUpdate":false,"showSkybox":false,"showFlares":true,"showImageEffects":true,"showParticleSystems":true},"in2DMode":false,"pivot":{"x":-0.7243800163269043,"y":-1.1091837882995606,"z":0.5356559753417969},"rotation":{"x":0.052877794951200488,"y":-0.009061112068593502,"z":0.0017163371667265893,"w":0.9988350868225098},"size":13.937617301940918,"orthographic":false}