{"cameraMode":{"drawMode":0,"name":"Shaded","section":"Shading Mode"},"sceneLighting":true,"audioPlay":false,"sceneViewState":{"showFog":true,"showMaterialUpdate":false,"showSkybox":true,"showFlares":true,"showImageEffects":true,"showParticleSystems":true},"in2DMode":false,"pivot":{"x":17.09375,"y":-4.766026020050049,"z":18.286075592041017},"rotation":{"x":0.07828129082918167,"y":-0.026963338255882264,"z":0.0033264209050685169,"w":0.9968411922454834},"size":24.44536590576172,"orthographic":false}