{"cameraMode":{"drawMode":0,"name":"Shaded","section":"Shading Mode"},"sceneLighting":true,"audioPlay":false,"sceneViewState":{"showFog":true,"showMaterialUpdate":false,"showSkybox":true,"showFlares":true,"showImageEffects":true,"showParticleSystems":true},"in2DMode":false,"pivot":{"x":-9.225054740905762,"y":-1.4128482341766358,"z":17.39794921875},"rotation":{"x":0.07828129082918167,"y":-0.026963338255882264,"z":0.0033264209050685169,"w":0.9968411922454834},"size":28.79915428161621,"orthographic":false}