{"cameraMode":{"drawMode":0,"name":"Shaded","section":"Shading Mode"},"sceneLighting":true,"audioPlay":false,"sceneViewState":{"showFog":true,"showMaterialUpdate":false,"showSkybox":true,"showFlares":true,"showImageEffects":true,"showParticleSystems":true},"in2DMode":false,"pivot":{"x":-47.22251892089844,"y":24.753618240356447,"z":5.408946990966797},"rotation":{"x":-0.22739799320697785,"y":-0.5434772968292236,"z":0.15587355196475984,"w":-0.792862057685852},"size":26.16164207458496,"orthographic":false}