{"cameraMode":{"drawMode":0,"name":"Shaded","section":"Shading Mode"},"sceneLighting":true,"audioPlay":false,"sceneViewState":{"showFog":true,"showMaterialUpdate":false,"showSkybox":true,"showFlares":true,"showImageEffects":true,"showParticleSystems":true},"in2DMode":false,"pivot":{"x":36.80450439453125,"y":8.55078125,"z":-13.59765625},"rotation":{"x":0.21425531804561616,"y":-0.024904513731598855,"z":0.0054658749140799049,"w":0.976448118686676},"size":13.174674987792969,"orthographic":true}