{"cameraMode":{"drawMode":0,"name":"Shaded","section":"Shading Mode"},"sceneLighting":false,"audioPlay":false,"sceneViewState":{"showFog":true,"showMaterialUpdate":false,"showSkybox":false,"showFlares":true,"showImageEffects":true,"showParticleSystems":true},"in2DMode":false,"pivot":{"x":-1.1590003967285157,"y":-219.1382293701172,"z":321.5354309082031},"rotation":{"x":0.247299462556839,"y":0.06679393351078034,"z":-0.017089664936065675,"w":0.9664869904518127},"size":1311.8267822265625,"orthographic":true}