{"cameraMode":{"drawMode":0,"name":"Shaded","section":"Shading Mode"},"sceneLighting":true,"audioPlay":false,"sceneViewState":{"showFog":true,"showMaterialUpdate":false,"showSkybox":true,"showFlares":true,"showImageEffects":true,"showParticleSystems":true},"in2DMode":false,"pivot":{"x":-0.44193512201309206,"y":14.771973609924317,"z":-27.64042091369629},"rotation":{"x":-0.2647306025028229,"y":-0.006637146230787039,"z":0.0019035213626921177,"w":-0.964422881603241},"size":4.045875549316406,"orthographic":false}