{"cameraMode":{"drawMode":0,"name":"Shaded","section":"Shading Mode"},"sceneLighting":true,"audioPlay":false,"sceneViewState":{"showFog":true,"showMaterialUpdate":false,"showSkybox":true,"showFlares":true,"showImageEffects":true,"showParticleSystems":true},"in2DMode":false,"pivot":{"x":65.63277435302735,"y":1.5801188945770264,"z":-82.9375},"rotation":{"x":0.24437010288238526,"y":-0.01454455778002739,"z":0.003665953641757369,"w":0.9695673584938049},"size":153.5266571044922,"orthographic":true}