{"cameraMode":{"drawMode":0,"name":"Shaded","section":"Shading Mode"},"sceneLighting":false,"audioPlay":false,"sceneViewState":{"showFog":true,"showMaterialUpdate":false,"showSkybox":false,"showFlares":true,"showImageEffects":true,"showParticleSystems":true},"in2DMode":false,"pivot":{"x":-8.00500202178955,"y":2.119999885559082,"z":0.0},"rotation":{"x":0.2739092707633972,"y":-0.017309945076704027,"z":0.0049326978623867039,"w":0.9615934491157532},"size":14.809843063354493,"orthographic":true}