{"cameraMode":{"drawMode":0,"name":"Shaded","section":"Shading Mode"},"sceneLighting":true,"audioPlay":false,"sceneViewState":{"showFog":true,"showMaterialUpdate":false,"showSkybox":true,"showFlares":true,"showImageEffects":true,"showParticleSystems":true},"in2DMode":false,"pivot":{"x":0.5420443415641785,"y":5.507865905761719,"z":26.955732345581056},"rotation":{"x":0.16957679390907288,"y":0.0014777977485209704,"z":-0.00025612450554035604,"w":0.9855286478996277},"size":47.35260009765625,"orthographic":true}