{"cameraMode":{"drawMode":0,"name":"Shaded","section":"Shading Mode"},"sceneLighting":false,"audioPlay":false,"sceneViewState":{"showFog":true,"showMaterialUpdate":false,"showSkybox":false,"showFlares":true,"showImageEffects":true,"showParticleSystems":true},"in2DMode":false,"pivot":{"x":5.254444122314453,"y":15.933627128601075,"z":-10.689305305480957},"rotation":{"x":-0.10461744666099549,"y":-0.6256851553916931,"z":0.08516751229763031,"w":-0.7683627009391785},"size":148.32472229003907,"orthographic":false}