{"cameraMode":{"drawMode":0,"name":"Shaded","section":"Shading Mode"},"sceneLighting":false,"audioPlay":false,"sceneViewState":{"showFog":true,"showMaterialUpdate":false,"showSkybox":false,"showFlares":true,"showImageEffects":true,"showParticleSystems":true},"in2DMode":false,"pivot":{"x":42.17707061767578,"y":-31.27754783630371,"z":32.036827087402347},"rotation":{"x":0.25635722279548647,"y":-0.29834428429603579,"z":0.08353307843208313,"w":0.9155897498130798},"size":229.7450714111328,"orthographic":false}