{"cameraMode":{"drawMode":0,"name":"Shaded","section":"Shading Mode"},"sceneLighting":true,"audioPlay":false,"sceneViewState":{"showFog":true,"showMaterialUpdate":false,"showSkybox":true,"showFlares":true,"showImageEffects":true,"showParticleSystems":true},"in2DMode":false,"pivot":{"x":68.0357437133789,"y":-2.6955602169036867,"z":-46.635406494140628},"rotation":{"x":0.2373347133398056,"y":0.2529362738132477,"z":-0.06415299326181412,"w":0.9357293248176575},"size":128.52674865722657,"orthographic":true}