{"cameraMode":{"drawMode":0,"name":"Shaded","section":"Shading Mode"},"sceneLighting":false,"audioPlay":false,"sceneViewState":{"showFog":true,"showMaterialUpdate":false,"showSkybox":false,"showFlares":true,"showImageEffects":true,"showParticleSystems":true},"in2DMode":false,"pivot":{"x":-2.473511219024658,"y":-0.9385294914245606,"z":5.111318588256836},"rotation":{"x":-0.13373927772045136,"y":-0.12983259558677674,"z":0.017661303281784059,"w":-0.982342541217804},"size":11.783357620239258,"orthographic":false}