{"cameraMode":{"drawMode":0,"name":"Shaded","section":"Shading Mode"},"sceneLighting":true,"audioPlay":false,"sceneViewState":{"showFog":true,"showMaterialUpdate":false,"showSkybox":true,"showFlares":true,"showImageEffects":true,"showParticleSystems":true},"in2DMode":false,"pivot":{"x":39.075138092041019,"y":20.037744522094728,"z":-73.00194549560547},"rotation":{"x":0.27761954069137576,"y":0.1391613781452179,"z":-0.04070180654525757,"w":0.9497158527374268},"size":109.60301971435547,"orthographic":true}