{"cameraMode":{"drawMode":0,"name":"Shaded","section":"Shading Mode"},"sceneLighting":true,"audioPlay":false,"sceneViewState":{"showFog":true,"showMaterialUpdate":false,"showSkybox":true,"showFlares":true,"showImageEffects":true,"showParticleSystems":true},"in2DMode":false,"pivot":{"x":15.922442436218262,"y":-60.614036560058597,"z":126.36335754394531},"rotation":{"x":0.23222008347511292,"y":0.026362592354416848,"z":-0.006793882232159376,"w":0.9725666046142578},"size":168.4330596923828,"orthographic":false}