{"cameraMode":{"drawMode":0,"name":"Shaded","section":"Shading Mode"},"sceneLighting":true,"audioPlay":false,"sceneViewState":{"showFog":true,"showMaterialUpdate":false,"showSkybox":true,"showFlares":true,"showImageEffects":true,"showParticleSystems":true},"in2DMode":false,"pivot":{"x":304.6517333984375,"y":-11.645676612854004,"z":6.403448104858398},"rotation":{"x":0.49009597301483157,"y":0.024834033101797105,"z":-0.013979688286781311,"w":0.8712670803070068},"size":714.3753662109375,"orthographic":false}