{"cameraMode":{"drawMode":0,"name":"Shaded","section":"Shading Mode"},"sceneLighting":true,"audioPlay":false,"sceneViewState":{"showFog":true,"showMaterialUpdate":false,"showSkybox":true,"showFlares":true,"showImageEffects":true,"showParticleSystems":true},"in2DMode":false,"pivot":{"x":-6.942523956298828,"y":-8.92924690246582,"z":-95.09953308105469},"rotation":{"x":0.28767213225364687,"y":0.26277604699134829,"z":-0.08243091404438019,"w":0.9173055291175842},"size":55.20888137817383,"orthographic":true}