{"cameraMode":{"drawMode":0,"name":"Shaded","section":"Shading Mode"},"sceneLighting":true,"audioPlay":false,"sceneViewState":{"showFog":true,"showMaterialUpdate":false,"showSkybox":true,"showFlares":true,"showImageEffects":true,"showParticleSystems":true},"in2DMode":false,"pivot":{"x":-0.658165693283081,"y":-0.5130784511566162,"z":-1.4643263816833497},"rotation":{"x":-0.16587723791599275,"y":0.7406198978424072,"z":-0.19806040823459626,"w":-0.6202770471572876},"size":4.251541614532471,"orthographic":false}