{"cameraMode":{"drawMode":0,"name":"Shaded","section":"Shading Mode"},"sceneLighting":true,"audioPlay":false,"sceneViewState":{"showFog":true,"showMaterialUpdate":false,"showSkybox":true,"showFlares":true,"showImageEffects":true,"showParticleSystems":true},"in2DMode":false,"pivot":{"x":-1.4509227275848389,"y":-1.623084306716919,"z":1.0927786827087403},"rotation":{"x":0.3185696303844452,"y":-0.02558964490890503,"z":0.008629539050161839,"w":0.9476134777069092},"size":7.103065490722656,"orthographic":false}