{"cameraMode":{"drawMode":0,"name":"Shaded","section":"Shading Mode"},"sceneLighting":false,"audioPlay":false,"sceneViewState":{"showFog":true,"showMaterialUpdate":false,"showSkybox":false,"showFlares":true,"showImageEffects":true,"showParticleSystems":true},"in2DMode":false,"pivot":{"x":37.458580017089847,"y":138.08639526367188,"z":-15.635002136230469},"rotation":{"x":0.07525196671485901,"y":0.005998053587973118,"z":-0.00019354288815520704,"w":0.9972929358482361},"size":125.94818878173828,"orthographic":false}