{"cameraMode":{"drawMode":0,"name":"Shaded","section":"Shading Mode"},"sceneLighting":true,"audioPlay":false,"sceneViewState":{"showFog":true,"showMaterialUpdate":false,"showSkybox":true,"showFlares":true,"showImageEffects":true,"showParticleSystems":true},"in2DMode":false,"pivot":{"x":201.43069458007813,"y":399.009765625,"z":89.44508361816406},"rotation":{"x":0.22481243312358857,"y":0.026307934895157815,"z":-0.0060423300601542,"w":0.974125862121582},"size":342.9668884277344,"orthographic":false}