{"cameraMode":{"drawMode":0,"name":"Shaded","section":"Shading Mode"},"sceneLighting":false,"audioPlay":false,"sceneViewState":{"showFog":true,"showMaterialUpdate":false,"showSkybox":false,"showFlares":true,"showImageEffects":true,"showParticleSystems":true},"in2DMode":false,"pivot":{"x":-2.473511219024658,"y":-0.9385294914245606,"z":5.111318588256836},"rotation":{"x":-0.1436876654624939,"y":0.3082242012023926,"z":-0.04715414717793465,"w":-0.9392170310020447},"size":2.526865243911743,"orthographic":false}