{"cameraMode":{"drawMode":0,"name":"Shaded","section":"Shading Mode"},"sceneLighting":true,"audioPlay":false,"sceneViewState":{"showFog":true,"showMaterialUpdate":false,"showSkybox":true,"showFlares":true,"showImageEffects":true,"showParticleSystems":true},"in2DMode":false,"pivot":{"x":-0.8871452212333679,"y":0.023068666458129884,"z":-0.6968414783477783},"rotation":{"x":0.35679325461387637,"y":0.008412170223891735,"z":-0.0031834307592362167,"w":0.934241771697998},"size":2.6792404651641847,"orthographic":false}