{"cameraMode":{"drawMode":0,"name":"Shaded","section":"Shading Mode"},"sceneLighting":true,"audioPlay":false,"sceneViewState":{"showFog":true,"showMaterialUpdate":false,"showSkybox":true,"showFlares":true,"showImageEffects":true,"showParticleSystems":true},"in2DMode":false,"pivot":{"x":101.78778076171875,"y":-28.543476104736329,"z":44.94791030883789},"rotation":{"x":0.2989461123943329,"y":0.07291071116924286,"z":-0.02291594259440899,"w":0.9512266516685486},"size":106.62133026123047,"orthographic":true}